"IGT","ncells_preqc","ncells_outliers_nGenes","ncells_outliers_deadcells","ncells_outliers_lowCountADT","ncells_outliers_autofluorescence","ncells_nonTcells","ncells_postqc","percent_postqc","percent_RNA_nGenes","percent_RNA_deadcells","percent_Protein_lowCount","percent_Protein_nonspecific_signal","percent_nonTcells"
"IGT2",7047,272,2,0,75,493,6207,88.0800340570456,3.85979849581382,0.0283808712927487,0,1.06428267347808,6.99588477366255
"IGT3",10154,27,3,0,157,407,9562,94.1697853062832,0.265905062044514,0.0295450068938349,0,1.5461886941107,4.00827260193027
"IGT5",7762,216,0,0,975,346,6225,80.1984024735893,2.78278794125225,0,0,12.5611955681525,4.45761401700593
"IGT6",4431,15,2,0,40,45,4331,97.7431730986233,0.3385240352065,0.0451365380275333,0,0.902730760550666,1.0155721056195
"IGT7",14078,6,0,0,0,347,13725,97.492541554198,0.0426196902969172,0,0,0,2.46483875550504
"IGT8",14145,112,68,0,0,891,13123,92.774832096147,0.79179922234005,0.48073524213503,0,0,6.29904559915164
"IGT9",9606,11,3,0,0,265,9328,97.1059754320217,0.114511763481158,0.0312304809494066,0,0,2.75869248386425
"IGT10",4912,18,1,0,401,521,3972,80.8631921824104,0.366449511400651,0.0203583061889251,0,8.16368078175896,10.60667752443
"IGT11",15223,112,1,1,351,1546,13213,86.7962950798134,0.73572883137358,0.00656900742297839,0.00656900742297839,2.30572160546541,10.1556854759246
"IGT12",10295,81,1,0,49,1047,9118,88.5672656629432,0.78678970373968,0.00971345313258863,0,0.475959203496843,10.1699854298203
"IGT13",16942,370,1,0,42,175,16355,96.5352378703813,2.1839216149215,0.00590249085113918,0,0.247904615747846,1.03293589894936
"IGT14",18190,297,9,0,116,201,17574,96.6135239142386,1.63276525563496,0.0494777350192413,0,0.637713029136888,1.10500274876306
"IGT15",1910,16,0,2,36,66,1790,93.717277486911,0.837696335078534,0,0.104712041884817,1.8848167539267,3.45549738219895
"IGT16",3860,20,0,30,110,126,3574,92.5906735751295,0.518134715025907,0,0.77720207253886,2.84974093264249,3.26424870466321
"IGT17",14578,194,2,0,21,0,14363,98.525174921114,1.33077239676224,0.0137193030594046,0,0.144052682123748,0
"IGT18",14268,144,4,13,60,0,14051,98.4791141014858,1.00925147182506,0.0280347631062518,0.0911129800953182,0.420521446593776,0
"IGT19",16805,41,0,5,586,51,16122,95.9357334126748,0.243975007438262,0,0.029753049687593,3.4870574233859,0.303481106813448
"IGT20",14166,168,0,0,583,193,13222,93.3361569956233,1.18593816179585,0,0,4.1154877876606,1.36241705492023
"IGT21",7742,67,0,8,377,164,7126,92.0433996383363,0.865409454921209,0,0.103332472229398,4.86954275381038,2.11831568070266
"IGT22",10225,365,1,0,772,1494,7594,74.2689486552567,3.56968215158924,0.0097799511002445,0,7.55012224938875,14.6112469437653
"IGT23",12325,380,0,21,224,471,11229,91.1075050709939,3.08316430020284,0,0.170385395537525,1.81744421906694,3.82150101419878
"IGT24",10755,94,3,4,398,231,10028,93.2403533240353,0.874012087401209,0.0278940027894003,0.0371920037192004,3.70060437006044,2.14783821478382
"IGT25",1777,5,0,0,124,23,1625,91.4462577377603,0.28137310073157,0,0,6.97805289814294,1.29431626336522
"IGT26",10148,130,0,0,163,59,9796,96.5313362238865,1.28104059913283,0,0,1.60622782814348,0.581395348837209
"IGT27",12331,32,1,24,171,202,11902,96.520963425513,0.259508555672695,0.00810964236477171,0.194631416754521,1.38674884437596,1.63814775768389
"IGT28",10734,372,0,3,1563,1220,7576,70.5794671138439,3.46562325321409,0,0.0279485746226942,14.5612073784237,11.3657536798957
"IGT29",13655,163,0,15,159,340,12978,95.0421091175394,1.19370194068107,0,0.109849871841816,1.16440864152325,2.4899304284145
"IGT30",11069,189,1,16,29,133,10702,96.6844340048785,1.70747131628873,0.00903423976872346,0.144547836299575,0.26199295329298,1.20155388924022
"IGT31",14879,109,0,1,6,207,14556,97.8291551851603,0.732576113986155,0,0.0067208817796895,0.040325290678137,1.39122252839573
"IGT32",5808,108,4,1,453,678,4568,78.6501377410468,1.8595041322314,0.068870523415978,0.0172176308539945,7.7995867768595,11.6735537190083
"IGT33",13127,53,1,29,504,2123,10418,79.3631446636703,0.403748000304715,0.00761788679820218,0.220918717147863,3.8394149462939,16.1727736725832
"IGT35",19188,176,4,6,93,526,18386,95.8203043568897,0.917239941630186,0.0208463623097769,0.0312695434646654,0.484677923702314,2.74129664373567
"IGT36",15768,2,0,96,55,106,15509,98.357432775241,0.0126839167935058,0,0.60882800608828,0.34880771182141,0.672247590055809
"IGT37",13352,218,4,5,457,446,12226,91.5668064709407,1.63271420011983,0.0299580587177951,0.0374475733972439,3.42270820850809,3.34032354703415
"IGT38",16996,215,1,31,347,145,16258,95.657801835726,1.26500353024241,0.0058837373499647,0.182395857848906,2.04165686043775,0.853141915744881
"IGT39",7912,29,0,0,439,252,7192,90.8998988877654,0.366531850353893,0,0,5.54853387259858,3.1850353892821
"IGT40",19106,224,0,2,294,449,18137,94.92829477651,1.17240657385115,0,0.0104679158379567,1.53878362817963,2.35004710562127
"IGT43",1308,16,0,1,96,88,1107,84.6330275229358,1.22324159021407,0,0.0764525993883792,7.3394495412844,6.72782874617737
"IGT44",14598,39,0,0,0,809,13750,94.1909850664475,0.267159884915742,0,0,0,5.5418550486368
"IGT45",16937,54,0,0,0,714,16169,95.4655487984885,0.318828600106276,0,0,0,4.21562260140521
"IGT46",7114,228,0,0,0,192,6694,94.0961484396964,3.20494798987911,0,0,0,2.69890357042451
"IGT47",6746,55,2,1,116,82,6492,96.2348058108509,0.815297954343315,0.0296471983397569,0.0148235991698784,1.7195375037059,1.21553513193003
"IGT48",16174,78,1,1,794,925,14376,88.8833931000371,0.482255471744776,0.00618276245826635,0.00618276245826635,4.90911339186348,5.71905527389638
"IGT49",15260,110,0,1,39,406,14704,96.3564875491481,0.72083879423329,0,0.00655307994757536,0.255570117955439,2.6605504587156
"IGT50",1828,23,0,1,10,71,1723,94.2560175054705,1.2582056892779,0,0.0547045951859956,0.547045951859956,3.88402625820569
"IGT51",3054,737,0,1,196,47,2073,67.8781925343811,24.1322855271775,0,0.0327439423706614,6.41781270464964,1.53896529142109
"IGT52",2627,2,0,2,266,410,1947,74.114960030453,0.0761324704986677,0,0.0761324704986677,10.1256185763228,15.6071564522269
"IGT54",855,13,0,0,261,23,558,65.2631578947368,1.52046783625731,0,0,30.5263157894737,2.69005847953216
"IGT55",764,5,0,0,205,36,518,67.8010471204188,0.654450261780105,0,0,26.8324607329843,4.71204188481675
"IGT56",8748,74,0,60,448,1666,6500,74.3026977594879,0.845907636031093,0,0.685871056241427,5.12117055326932,19.0443529949703
"IGT58",3214,29,2,21,1724,108,1331,41.4125700062228,0.90230242688239,0.0622277535780958,0.653391412570006,53.6403235843186,3.36029869321718
"IGT59",4968,57,3,0,64,16,4831,97.2423510466989,1.14734299516908,0.0603864734299517,0,1.28824476650564,0.322061191626409
"IGT60",10744,67,11,0,186,5,10485,97.5893521965748,0.623603871928518,0.102382725241996,0,1.73119880863738,0.0465376023827252
"IGT61",1241,67,1,3,45,34,1092,87.9935535858179,5.39887187751813,0.08058017727639,0.24174053182917,3.62610797743755,2.73972602739726
"IGT64",6281,54,15,8,1315,2834,2067,32.9087724884573,0.859735710874065,0.238815475242796,0.127368253462824,20.9361566629518,45.1202037892055
"IGT65",12363,98,9,79,4965,3868,3346,27.064628326458,0.792687858933916,0.0727978645959719,0.639003478120197,40.1601553021111,31.2869044730243
"IGT66",6012,190,2,0,206,349,5267,87.6081170991351,3.16034597471723,0.0332667997338656,0,3.42648037258816,5.80505655355955
"IGT67",6141,48,0,209,40,169,5843,95.1473701351571,0.781631656082071,0,3.40335450252402,0.651359713401726,2.75199478912229
"IGT68",8861,95,0,7,13,390,8356,94.3008689764135,1.07211375691231,0,0.0789978557724862,0.146710303577474,4.40130910732423
"IGT69",10445,185,2,84,1720,7253,1203,11.5174724748684,1.77118238391575,0.019147917663954,0.80421254188607,16.4672091910005,69.4399234083293
"IGT70",16013,277,13,2,200,1041,14486,90.4639980016237,1.72984450134266,0.0811840379691501,0.0124898519952539,1.24898519952539,6.50096796352963
"IGT73",827,41,0,0,59,4,723,87.4244256348247,4.95767835550181,0,0,7.13422007255139,0.483675937122128
"IGT74",7923,64,1,0,49,160,7650,96.5543354789852,0.807774832765367,0.0126214817619589,0,0.618452606335984,2.01943708191342
"IGT75",7747,173,78,117,0,582,6818,88.0082612624242,2.23312249903188,1.00684135794501,1.51026203691752,0,7.51258551697431
"IGT76",4069,71,2,2,344,230,3421,84.0747112312607,1.7449004669452,0.0491521258294421,0.0491521258294421,8.45416564266404,5.65249447038584
"IGT77",9635,13,0,0,167,96,9359,97.1354436948625,0.134924753502854,0,0,1.73326414115205,0.996367410482616
"IGT78",6664,14,1,1,531,270,5848,87.7551020408163,0.210084033613445,0.0150060024009604,0.0150060024009604,7.96818727490996,4.0516206482593
"IGT79",2119,0,0,0,55,10,2054,96.9325153374233,0,0,0,2.5955639452572,0.47192071731949
"IGT80",4171,1,0,21,216,26,3907,93.6705825941021,0.0239750659314313,0,0.503476384560057,5.17861424118916,0.623351714217214
"IGT81",11229,5,1,0,1290,198,9736,86.7040698192181,0.0445275625612254,0.00890551251224508,0,11.4881111407962,1.76329147742453
"IGT82",2792,7,2,0,121,9,2655,95.093123209169,0.250716332378223,0.0716332378223496,0,4.33381088825215,0.322349570200573
"IGT85",10321,336,1,9985,1,195,9790,94.855149694797,3.25549849820754,0.00968898362561767,96.7445015017925,0.00968898362561767,1.88935180699545
"IGT87",9758,90,1,0,179,6603,2886,29.5757327321172,0.922320147571224,0.0102480016396803,0,1.83439229350277,67.6675548268088
"IGT88",13831,648,2,8,60,488,12627,91.2949172149519,4.68512761188634,0.0144602704070566,0.0578410816282264,0.433808112211698,3.52830597932181
"IGT90",15186,44,4,0,0,1446,13695,90.1817463453181,0.289740550507046,0.0263400500460951,0,0,9.52192809166337
"IGT91",8887,14,1,0,0,749,8124,91.4144255654327,0.157533475863621,0.0112523911331158,0,0,8.42804095870372
"IGT92",9905,18,1,0,0,740,9147,92.3472993437658,0.181726400807673,0.0100959111559818,0,0,7.47097425542655
"IGT95",6851,2,2,4,1321,484,5038,73.5367099693475,0.0291928185666326,0.0291928185666326,0.0583856371332652,19.2818566632608,7.06466209312509
"IGT96",9560,3,0,12,1546,763,7236,75.6903765690377,0.0313807531380753,0,0.125523012552301,16.1715481171548,7.98117154811716
